STATUSINV	B3	NAME	INDUSTRY NAME DAMODARAN
AALR3	AALR3	ALLIAR	Hospitals/Healthcare Facilities
ABCB4	ABCB4	ABC BRASIL  	Bank (Money Center)
ABEV3	ABEV3	AMBEV S/A	Beverage (Alcoholic)
ADHM3	ADHM3	ADVANCED-DH	Heathcare Information and Technology
AFLT3	AFLT3	AFLUENTE T  	Power
AGRO3	AGRO3	BRASILAGRO  	Farming/Agriculture
AHEB3	AHEB3	SPTURIS     	Recreation
AHEB5	AHEB5	SPTURIS     	Recreation
AHEB6	AHEB6	SPTURIS     	Recreation
ALPA3	ALPA3	ALPARGATAS  	Shoe
ALPA4	ALPA4	ALPARGATAS  	Shoe
ALPK3	ALPK3	ALLPARK	Diversified
ALSC3	ALSC3	ALIANSCE SHOPPING CENTERS	Real Estate (Operations & Services)
ALSO3	ALSO3	ALIANSCSONAE	Real Estate (Operations & Services)
ALUP11	ALUP11	ALUPAR	Utility (General)
ALUP3	ALUP3	ALUPAR	Utility (General)
ALUP4	ALUP4	ALUPAR	Utility (General)
AMAR3	AMAR3	LOJAS MARISA	Retail (General)
AMBP3	AMBP3	LOJAS MARISA	Retail (General)
ANDG3B	ANDG3B	ANDRADE GUTIERREZ	Engineering/Construction
ANDG4B	ANDG4B	ANDRADE GUTIERREZ	Engineering/Construction
ANIM3	ANIM3	ANIMA	Education
APER3	APER3	ALPER S.A.	Insurance (General)
APTI3	APTI3	SIDERÚRGICA J.L.ALIPERTI	Steel
APTI4	APTI4	SIDERÚRGICA J.L.ALIPERTI	Steel
ARZZ3	ARZZ3	AREZZO CO   	Shoe
ATMP3	ATMP3	ATMASA	Diversified
ATOM3	ATOM3	ATOM EMPREENDIMENTOS	Telecom. Services
AZEV3	AZEV3	AZEVEDO     	Engineering/Construction
AZEV4	AZEV4	AZEVEDO     	Engineering/Construction
AZUL4	AZUL4	AZUL	Air Transport
B3SA3	B3SA3	B3 	Financial Svcs. (Non-bank & Insurance)
BAHI3	BAHI3	BAHEMA      	Investments & Asset Management
BALM3	BALM3	BAUMER      	Healthcare Products
BALM4	BALM4	BAUMER      	Healthcare Products
BAUH4	BAUH4	EXCELSIOR   	Food Processing
BAZA3	BAZA3	AMAZONIA    	Banks (Regional)
BBAS3	BBAS3	BRASIL      	Bank (Money Center)
BBDC3	BBDC3	BRADESCO    	Bank (Money Center)
BBDC4	BBDC4	BRADESCO    	Bank (Money Center)
BBML3	BBML3	BBM LOGÍSTICA S.A.	tRansportation
BBRK3	BBRK3	BR BROKERS  	Real Estate (Operations & Services)
BBSE3	BBSE3	BBSEGURIDADE	Insurance (General)
BDLL3	BDLL3	BARDELLA    	Machinery
BDLL4	BDLL4	BARDELLA    	Machinery
BEEF3	BEEF3	MINERVA     	Food Processing
BEES3	BEES3	BANESTES    	Banks (Regional)
BEES4	BEES4	BANESTES    	Banks (Regional)
BFRE11	BFRE11	BRAZILIAN FINANCE E REAL STATE	Real Estate (General/Diversified)
BFRE12	BFRE12	BRAZILIAN FINANCE E REAL STATE	Real Estate (General/Diversified)
BGIP3	BGIP3	BANESE      	Bank (Money Center)
BGIP4	BGIP4	BANESE      	Bank (Money Center)
BIDI11	BIDI11	BANCO INTER	Bank (Money Center)
BIDI3	BIDI3	BANCO INTER	Bank (Money Center)
BIDI4	BIDI4	BANCO INTER	Bank (Money Center)
BIOM3	BIOM3	BIOMM       	Drugs (Biotechnology)
BKBR3	BKBR3	BK BRASIL	Restaurant/Dining
BMEB3	BMEB3	MERC BRASIL 	Bank (Money Center)
BMEB4	BMEB4	MERC BRASIL 	Bank (Money Center)
BMGB4	BMGB4	BANCO BMG	Bank (Money Center)
BMIN3	BMIN3	MERC INVEST 	Bank (Money Center)
BMIN4	BMIN4	MERC INVEST 	Bank (Money Center)
BMKS3	BMKS3	BIC MONARK  	Recreation
BNBR3	BNBR3	NORD BRASIL 	Financial Svcs. (Non-bank & Insurance)
BOBR3	BOBR3	BOMBRIL     	Household Products
BOBR4	BOBR4	BOMBRIL     	Household Products
BPAC11	BPAC11	BTGP BANCO	Financial Svcs. (Non-bank & Insurance)
BPAC3	BPAC3	BTGP BANCO	Financial Svcs. (Non-bank & Insurance)
BPAC5	BPAC5	BTGP BANCO	Financial Svcs. (Non-bank & Insurance)
BPAN4	BPAN4	BANCO PAN	Bank (Money Center)
BPAR3	BPAR3	BANCO PANPARA	Banks (Regional)
BPAT33	BPAT33	BANCO PATAGONIA	Banks (Regional)
BPHA3	BPHA3	BRASIL PHARMA	Drugs (Pharmaceutical)
BRAP3	BRAP3	BRADESPAR   	Steel
BRAP4	BRAP4	BRADESPAR   	Steel
BRDT3	BRDT3	PETROBRAS BR	Retail (Automotive)
BRFS3	BRFS3	BRF SA   	Food Processing
BRGE11	BRGE11	ALFA CONSORC	Insurance (General)
BRGE12	BRGE12	ALFA CONSORC	Insurance (General)
BRGE3	BRGE3	ALFA CONSORC	Insurance (General)
BRGE5	BRGE5	ALFA CONSORC	Insurance (General)
BRGE6	BRGE6	ALFA CONSORC	Insurance (General)
BRGE7	BRGE7	ALFA CONSORC	Insurance (General)
BRGE8	BRGE8	ALFA CONSORC	Insurance (General)
BRIV3	BRIV3	ALFA INVEST 	Bank (Money Center)
BRIV4	BRIV4	ALFA INVEST 	Bank (Money Center)
BRKM3	BRKM3	BRASKEM     	Chemical (Basic)
BRKM5	BRKM5	BRASKEM     	Chemical (Basic)
BRKM6	BRKM6	BRASKEM     	Chemical (Basic)
BRML3	BRML3	BR MALLS PAR	Real Estate (Operations & Services)
BRPR3	BRPR3	BR PROPERT  	Real Estate (Operations & Services)
BRQB3	BRQB3	BRQ SOLUÇÕES EM INFORMÁTICA	Computers/Peripherals
BRSR3	BRSR3	BANRISUL    	Banks (Regional)
BRSR5	BRSR5	BANRISUL    	Banks (Regional)
BRSR6	BRSR6	BANRISUL    	Banks (Regional)
BSEV3	BSEV3	BIOSEV	Food Processing
BSLI3	BSLI3	BRB BANCO   	Bank (Money Center)
BSLI4	BSLI4	BRB BANCO   	Bank (Money Center)
BTOW3	BTOW3	B2W DIGITAL	Retail (Online)
BTTL3	BTTL3	BATTISTELLA 	Retail (Automotive)
BTTL4	BTTL4	BATTISTELLA 	Retail (Automotive)
CALI3	CALI3	CONSTRUTORA ADOLPHO LINDEMBERG	Engineering/Construction
CALI4	CALI4	CONSTRUTORA ADOLPHO LINDEMBERG	Engineering/Construction
CAMB3	CAMB3	CAMBUCI     	Shoe
CAMB4	CAMB4	CAMBUCI     	Shoe
CAML3	CAML3	CAMIL	Food Processing
CARD3	CARD3	CSU CARDSYST	Diversified
CASN3	CASN3	CASAN       	Utility (Water)
CASN4	CASN4	CASAN       	Utility (Water)
CATA3	CATA3	CIA INDUSTRIAL CATAGUASES	Furn/Home Furnishings
CATA4	CATA4	CIA INDUSTRIAL CATAGUASES	Furn/Home Furnishings
CBEE3	CBEE3	AMPLA ENERG 	Power
CCPR3	CCPR3	CYRE COM-CCP	Real Estate (Operations & Services)
CCRO3	CCRO3	CCR SA      	Transportation
CCXC3	CCXC3	CCX	Coal & Related Energy
CEAB3	CEAB3	CEA MODAS	Retail (Special Lines)
CEBR3	CEBR3	CEB         	Utility (General)
CEBR5	CEBR5	CEB         	Utility (General)
CEBR6	CEBR6	CEB         	Utility (General)
CEDO3	CEDO3	CEB         	Utility (General)
CEDO4	CEDO4	CEDRO       	Information Services
CEEB3	CEEB3	COELBA      	Power
CEEB5	CEEB5	COELBA      	Power
CEEB6	CEEB6	COELBA      	Power
CEED3	CEED3	CEEE-D	Utility (General)
CEED4	CEED4	CEEE-D	Utility (General)
CEGR3	CEGR3	CEG         	Power
CEPE3	CEPE3	CELPE       	Utility (General)
CEPE5	CEPE5	CELPE       	Utility (General)
CEPE6	CEPE6	CELPE       	Utility (General)
CESP3	CESP3	CESP        	Utility (General)
CESP5	CESP5	CESP        	Utility (General)
CESP6	CESP6	CESP        	Utility (General)
CGAS3	CGAS3	COMGAS      	Power
CGAS5	CGAS5	COMGAS      	Power
CGRA3	CGRA3	GRAZZIOTIN  	Apparel
CGRA4	CGRA4	GRAZZIOTIN  	Apparel
CIEL3	CIEL3	CIELO       	Information Services
CLSC3	CLSC3	CELESC      	Utility (General)
CLSC4	CLSC4	CELESC      	Utility (General)
CMIG3	CMIG3	CEMIG       	Utility (General)
CMIG4	CMIG4	CEMIG       	Utility (General)
CMSA3	CMSA3	CIMS S.A.	Diversified
CMSA4	CMSA4	CIMS S.A.	Diversified
CNSY3	CNSY3	CINESYSTEM	Entertainment
CNTO3	CNTO3	CENTAURO	Retail (General)
COCE3	COCE3	COELCE      	Utility (General)
COCE5	COCE5	COELCE      	Utility (General)
COCE6	COCE6	COELCE      	Utility (General)
COGN3	COGN3	COGNA ON	Education
CORR3	CORR3	COR RIBEIRO 	Real Estate (General/Diversified)
CORR4	CORR4	COR RIBEIRO 	Real Estate (General/Diversified)
CPFE3	CPFE3	CPFL ENERGIA	Power
CPLE3	CPLE3	COPEL       	Utility (General)
CPLE5	CPLE5	COPEL       	Utility (General)
CPLE6	CPLE6	COPEL       	Utility (General)
CPRE3	CPRE3	CPFL RENOVAV	Green & Renewable Energy
CRDE3	CRDE3	CR2         	Real Estate (Development)
CREM3	CREM3	CREMER	Diversified
CRFB3	CRFB3	CARREFOUR BR	Food Wholesalers
CRIV3	CRIV3	ALFA FINANC 	Financial Svcs. (Non-bank & Insurance)
CRIV4	CRIV4	ALFA FINANC 	Financial Svcs. (Non-bank & Insurance)
CRPG3	CRPG3	CRISTAL	Chemical (Basic)
CRPG5	CRPG5	CRISTAL	Chemical (Basic)
CRPG6	CRPG6	CRISTAL	Chemical (Basic)
CSAB3	CSAB3	SEG AL BAHIA	Insurance (General)
CSAB4	CSAB4	SEG AL BAHIA	Insurance (General)
CSAN3	CSAN3	COSAN       	Oilfield Svcs/Equip.
CSMG3	CSMG3	COPASA      	Utility (Water)
CSNA3	CSNA3	SID NACIONAL	Steel
CSRN3	CSRN3	COSERN      	Power
CSRN5	CSRN5	COSERN      	Power
CSRN6	CSRN6	COSERN      	Power
CTCA3	CTCA3	KARSTEN     	Furn/Home Furnishings
CTKA3	CTKA3	KARSTEN     	Furn/Home Furnishings
CTKA4	CTKA4	KARSTEN     	Furn/Home Furnishings
CTNM3	CTNM3	COTEMINAS   	Furn/Home Furnishings
CTNM4	CTNM4	COTEMINAS   	Furn/Home Furnishings
CTSA3	CTSA3	SANTANENSE  	Furn/Home Furnishings
CTSA4	CTSA4	SANTANENSE  	Furn/Home Furnishings
CTSA8	CTSA8	SANTANENSE  	Furn/Home Furnishings
CVCB3	CVCB3	CVC BRASIL	Hotel/Gaming
CYRE3	CYRE3	CYRELA REALT	Homebuilding
DASA3	DASA3	DASA        	Healthcare Support Services
DIRR3	DIRR3	DIRECIONAL  	Homebuilding
DMMO3	DMMO3	DOMMO	Oil/Gas (Production and Exploration)
DOHL3	DOHL3	DOHLER      	Furn/Home Furnishings
DOHL4	DOHL4	DOHLER      	Furn/Home Furnishings
DTCY3	DTCY3	DTCOM	Education
DTCY4	DTCY4	DTCOM	Education
DTEX3	DTEX3	DURATEX     	Paper/Forest Products
EALT3	EALT3	ACO ALTONA  	Machinery
EALT4	EALT4	ACO ALTONA  	Machinery
ECOR3	ECOR3	ECORODOVIAS 	Transportation
ECPR3	ECPR3	ENCORPAR	Furn/Home Furnishings
ECPR4	ECPR4	ENCORPAR	Furn/Home Furnishings
EEEL3	EEEL3	CEEE-GT	Power
EEEL4	EEEL4	CEEE-GT	Power
EGIE3	EGIE3	ENGIE BRASIL	Green & Renewable Energy
EKTR3	EKTR3	ELEKTRO     	Utility (General)
EKTR4	EKTR4	ELEKTRO     	Utility (General)
ELEK3	ELEK3	ELEKEIROZ	Chemical (Basic)
ELEK4	ELEK4	ELEKEIROZ	Chemical (Basic)
ELET3	ELET3	ELETROBRAS  	Power
ELET5	ELET5	ELETROBRAS  	Power
ELET6	ELET6	ELETROBRAS  	Power
ELPL3	ELPL3	ELETROPAULO	Power
EMAE3	EMAE3	EMAE        	Utility (General)
EMAE4	EMAE4	EMAE        	Utility (General)
EMBR3	EMBR3	EMBRAER     	Aerospace/Defense
ENAT3	ENAT3	ENAUTA PART	Oil/Gas (Production and Exploration)
ENBR3	ENBR3	ENERGIAS BR 	Power
ENEV3	ENEV3	ENEVA	Power
ENGI11	ENGI11	ENERGISA    	Power
ENGI3	ENGI3	ENERGISA    	Power
ENGI4	ENGI4	ENERGISA    	Power
ENMA3B	ENMA3B	CEMAR	Power
ENMA6B	ENMA6B	CEMAR	Power
ENMT3	ENMT3	ENERGISA MT	Power
ENMT4	ENMT4	ENERGISA MT	Power
EQPA3	EQPA3	EQTL PARA	Utility (General)
EQPA5	EQPA5	EQTL PARA	Utility (General)
EQPA6	EQPA6	EQTL PARA	Utility (General)
EQPA7	EQPA7	EQTL PARA	Utility (General)
EQTL3	EQTL3	EQUATORIAL  	Power
ESTR3	ESTR3	ESTRELA     	Recreation
ESTR4	ESTR4	ESTRELA     	Recreation
ETER3	ETER3	ETERNIT     	Construction Supplies
EUCA3	EUCA3	EUCATEX     	Paper/Forest Products
EUCA4	EUCA4	EUCATEX     	Paper/Forest Products
EVEN3	EVEN3	EVEN        	Homebuilding
EZTC3	EZTC3	EZTEC       	Homebuilding
FBMC3	FBMC3	FIBAM	Auto Parts
FBMC4	FBMC4	FIBAM	Auto Parts
FESA3	FESA3	FERBASA     	Steel
FESA4	FESA4	FERBASA     	Steel
FHER3	FHER3	FER HERINGER	Chemical (Specialty)
FIGE3	FIGE3	INVESTIMENTOS BEMGE	Investments & Asset Management
FIGE4	FIGE4	INVESTIMENTOS BEMGE	Investments & Asset Management
FLEX3	FLEX3	FLEX RELACIONAMENTOS INTELIGENTES	Information Services
FLRY3	FLRY3	FLEURY      	Healthcare Support Services
FNCN3	FNCN3	FINANSINOS	Financial Svcs. (Non-bank & Insurance)
FRAS3	FRAS3	FRAS-LE     	Auto Parts
FRIO3	FRIO3	METALFRIO   	Machinery
FRTA3	FRTA3	POMIFRUTAS	Food Processing
FTRT3B	FTRT3B	FUTURETEL	Diversified
GBIO33	GBIO33	BIOTOSCANA	Drugs (Pharmaceutical)
GEPA3	GEPA3	GER PARANAP 	Power
GEPA4	GEPA4	GER PARANAP 	Power
GFSA3	GFSA3	GAFISA      	Homebuilding
GGBR3	GGBR3	GERDAU      	Steel
GGBR4	GGBR4	GERDAU      	Steel
GNDI3	GNDI3	INTERMEDICA	Healthcare Support Services
GOAU3	GOAU3	GERDAU MET  	Steel
GOAU4	GOAU4	GERDAU MET  	Steel
GOLL4	GOLL4	GOL         	Air Transport
GPAR3	GPAR3	CELGPAR     	Utility (General)
GPCP3	GPCP3	GPC PART    	Chemical (Basic)
GPCP4	GPCP4	GPC PART    	Chemical (Basic)
GPIV33	GPIV33	GP INVEST   	Investments & Asset Management
GRND3	GRND3	GRENDENE    	Shoe
GSHP3	GSHP3	GENERAL SHOPPING	Real Estate (Operations & Services)
GUAR3	GUAR3	GUARARAPES  	Apparel
HAGA3	HAGA3	HAGA S/A    	Construction Supplies
HAGA4	HAGA4	HAGA S/A    	Construction Supplies
HAPV3	HAPV3	HAPVIDA	Healthcare Support Services
HBOR3	HBOR3	HELBOR	Homebuilding
HBTS5	HBTS5	HABITASUL   	Real Estate (General/Diversified)
HETA3	HETA3	HERCULES    	Diversified
HETA4	HETA4	HERCULES    	Diversified
HGTX3	HGTX3	CIA HERING  	Apparel
HOOT3	HOOT3	HOTEIS OTHON	Hotel/Gaming
HOOT4	HOOT4	HOTEIS OTHON	Hotel/Gaming
HYPE3	HYPE3	HYPERA	Drugs (Pharmaceutical)
IDVL3	IDVL3	INDUSVAL    	Bank (Money Center)
IDVL4	IDVL4	INDUSVAL    	Bank (Money Center)
IGBR3	IGBR3	IGB ELETRÔNICA	Computers/Peripherals
IGSN3	IGSN3	IGUA SANEAMENTO S.A.	Utility (Water)
IGTA3	IGTA3	IGUATEMI    	Real Estate (Operations & Services)
INEP3	INEP3	INEPAR      	Machinery
INEP4	INEP4	INEPAR      	Machinery
INNT3	INNT3	INTER CONSTRUTORA E INCORPORADORA S.A.	Homebuilding
IRBR3	IRBR3	IRBBRASIL RE	Reinsurance
ITEC3	ITEC3	ITAUTEC	Computers/Peripherals
ITSA3	ITSA3	ITAUSA      	Bank (Money Center)
ITSA4	ITSA4	ITAUSA      	Bank (Money Center)
ITUB3	ITUB3	ITAUUNIBANCO	Bank (Money Center)
ITUB4	ITUB4	ITAUUNIBANCO	Bank (Money Center)
JBDU3	JBDU3	JB DUARTE	Diversified
JBDU4	JBDU4	JB DUARTE	Diversified
JBSS3	JBSS3	JBS         	Food Processing
JFEN3	JFEN3	JOAO FORTES 	Real Estate (Development)
JHSF3	JHSF3	JHSF PART   	Real Estate (Operations & Services)
JOPA3	JOPA3	JOSAPAR     	Food Processing
JOPA4	JOPA4	JOSAPAR     	Food Processing
JPSA3	JPSA3	JEREISSATI  	Telecom. Services
JSLG3	JSLG3	JSL         	Trucking
KEPL3	KEPL3	KEPLER WEBER	Machinery
KLBN11	KLBN11	KLABIN S/A  	Paper/Forest Products
KLBN3	KLBN3	KLABIN S/A  	Paper/Forest Products
KLBN4	KLBN4	KLABIN S/A  	Paper/Forest Products
LAME3	LAME3	LOJAS AMERIC	Retail (General)
LAME4	LAME4	LOJAS AMERIC	Retail (General)
LCAM3	LCAM3	LOCAMERICA	Trucking
LEVE3	LEVE3	METAL LEVE  	Auto Parts
LHER3	LHER3	LOJAS HERING	Retail (General)
LHER4	LHER4	LOJAS HERING	Retail (General)
LIGT3	LIGT3	LIGHT S/A   	Power
LINX3	LINX3	LINX	Software (System & Application)
LIPR3	LIPR3	ELETROPAR	Power
LJQQ3	LJQQ3	LOJAS QUERO-QUERO S/A	Retail (General)
LLIS3	LLIS3	LE LIS BLANC	Apparel
LOGG3	LOGG3	LOG COM PROP	Real Estate (General/Diversified)
LOGN3	LOGN3	LOG-IN      	Shipbuilding & Marine
LPSB3	LPSB3	LOPES BRASIL	Real Estate (General/Diversified)
LREN3	LREN3	LOJAS RENNER	Retail (General)
LTEL3B	LTEL3B	LITEL       	Metals & Mining
LUPA3	LUPA3	LUPATECH    	Oilfield Svcs/Equip.
LUXM3	LUXM3	TREVISA     	Shipbuilding & Marine
LUXM4	LUXM4	TREVISA     	Shipbuilding & Marine
LWSA3	LWSA3	LOCAWEB	Software (System & Application)
MAPT3	MAPT3	CEMEPE	Diversified
MAPT4	MAPT4	CEMEPE	Diversified
MDIA3	MDIA3	M.DIASBRANCO	Food Processing
MDNE3	MDNE3	MOURA DUBEUX	Engineering/Construction
MEAL3	MEAL3	IMC S/A	Restaurant/Dining
MERC3	MERC3	INTERNATIONAL MEAL COMPANY	Food Processing
MERC4	MERC4	MERC FINANC 	Financial Svcs. (Non-bank & Insurance)
MGEL3	MGEL3	MANGELS INDL	Steel
MGEL4	MGEL4	MANGELS INDL	Steel
MGLU3	MGLU3	MAGAZ LUIZA 	Retail (General)
MILS3	MILS3	MILLS       	Retail (Distributors)
MMAQ3	MMAQ3	MINASMAQUINAS	Machinery
MMAQ4	MMAQ4	MINASMAQUINAS	Machinery
MMXM3	MMXM3	MMX MINER   	Steel
MNDL3	MNDL3	MUNDIAL     	Household Products
MNPR3	MNPR3	MINUPAR     	Food Processing
MOAR3	MOAR3	MONT ARANHA 	Diversified
MOVI3	MOVI3	MOVIDA	Trucking
MRFG3	MRFG3	MARFRIG     	Food Processing
MRSA3B	MRSA3B	MRS	Transportation (Railroads)
MRSA5B	MRSA5B	MRS	Transportation (Railroads)
MRSA6B	MRSA6B	MRS	Transportation (Railroads)
MRVE3	MRVE3	MRV         	Homebuilding
MSPA3	MSPA3	MELHOR SP   	Paper/Forest Products
MSPA4	MSPA4	MELHOR SP   	Paper/Forest Products
MSRO3	MSRO3	MAESTRO LOCADORA DE VEÍCULOS S.A.	Trucking
MTIG3	MTIG3	METAL IGUACU	Packaging & Container
MTIG4	MTIG4	METAL IGUACU	Packaging & Container
MTRE3	MTRE3	MITRE REALTY	Engineering/Construction
MTSA3	MTSA3	METISA      	Machinery
MTSA4	MTSA4	METISA      	Machinery
MULT3	MULT3	MULTIPLAN   	Real Estate (Operations & Services)
MWET3	MWET3	WETZEL S/A  	Transportation
MWET4	MWET4	WETZEL S/A  	Transportation
MYPK3	MYPK3	IOCHP-MAXION	Construction Supplies
NAFG3	NAFG3	NADIR FIGUEIREDO	Household Products
NAFG4	NAFG4	NADIR FIGUEIREDO	Household Products
NEMO3	NEMO3	SUZANO HOLD 	Paper/Forest Products
NEMO5	NEMO5	SUZANO HOLD 	Paper/Forest Products
NEMO6	NEMO6	SUZANO HOLD 	Paper/Forest Products
NEOE3	NEOE3	NEOENERGIA  	Power
NORD3	NORD3	NORDON MET  	Machinery
NRTQ3	NRTQ3	NORTEC QUÍMICA S.A.	Chemical (Basic)
NTCO3	NTCO3	GRUPO NATURA      	Household Products
NUTR3	NUTR3	NUTRIPLANT  	Chemical (Specialty)
ODER4	ODER4	CONSERVAS ODERICH	Food Processing
ODPV3	ODPV3	ODONTOPREV  	Healthcare Support Services
OFSA3	OFSA3	OUROFINO S/A	Drugs (Pharmaceutical)
OGXP3	OGXP3	OGX	Oil/Gas (Production and Exploration)
OIBR3	OIBR3	OI	Telecom. Services
OIBR4	OIBR4	OI	Telecom. Services
OMGE3	OMGE3	OMEGA GER	Green & Renewable Energy
OSXB3	OSXB3	OSX BRASIL  	Oilfield Svcs/Equip.
PARD3	PARD3	IHPARDINI	Healthcare Support Services
PATI3	PATI3	PANATLANTICA	Steel
PATI4	PATI4	PANATLANTICA	Steel
PCAR3	PCAR3	P.ACUCAR-CBD	Food Wholesalers
PCAR4	PCAR4	P.ACUCAR-CBD	Food Wholesalers
PDGR3	PDGR3	PDG REALT   	Homebuilding
PDTC3	PDTC3	PADTEC HOLDING S.A.	Diversified
PEAB3	PEAB3	PAR AL BAHIA	Diversified
PEAB4	PEAB4	PAR AL BAHIA	Diversified
PETR3	PETR3	PETROBRAS   	Oil/Gas (Integrated)
PETR4	PETR4	PETROBRAS   	Oil/Gas (Integrated)
PFRM3	PFRM3	PROFARMA    	Healthcare Support Services
PINE3	PINE3	PINE        	Bank (Money Center)
PINE4	PINE4	PINE        	Bank (Money Center)
PLAS3	PLAS3	PLASCAR PART	Auto Parts
PMAM3	PMAM3	PARANAPANEMA	Metals & Mining
PNVL3	PNVL3	DIMED       	Drugs (Pharmaceutical)
PNVL4	PNVL4	DIMED       	Drugs (Pharmaceutical)
POMO3	POMO3	MARCOPOLO   	Transportation
POMO4	POMO4	MARCOPOLO   	Transportation
POSI3	POSI3	POSITIVO TEC	Computers/Peripherals
PPAR3	PPAR3	POLPAR S.A.	Diversified
PPLA11	PPLA11	PPLA	Investments & Asset Management
PRIO3	PRIO3	PETRORIO	Oil/Gas (Production and Exploration)
PRNR3	PRNR3	PRINER	Diversified
PSSA3	PSSA3	PORTO SEGURO	Insurance (General)
PTBL3	PTBL3	PORTOBELLO  	Construction Supplies
PTCA11	PTCA11	PRATICA KLIMAQUIP	Machinery
PTCA3	PTCA3	PRATICA KLIMAQUIP	Machinery
PTNT3	PTNT3	PETTENATI   	Furn/Home Furnishings
PTNT4	PTNT4	PETTENATI   	Furn/Home Furnishings
QUAL3	QUAL3	QUALICORP   	Healthcare Support Services
QUSW3	QUSW3	QUALITY SOFTWARE S.A.	Computers/Peripherals
QVQP3B	QVQP3B	524 PARTICIPAÇÕES	Diversified
RADL3	RADL3	RAIADROGASIL    	Retail (Special Lines)
RAIL3	RAIL3	RUMO S.A.	Transportation (Railroads)
RANI3	RANI3	IRANI 	Paper/Forest Products
RANI4	RANI4	IRANI 	Paper/Forest Products
RAPT3	RAPT3	RANDON PART 	Transportation
RAPT4	RAPT4	RANDON PART 	Transportation
RCSL3	RCSL3	RECRUSUL    	Transportation
RCSL4	RCSL4	RECRUSUL    	Transportation
RDNI3	RDNI3	RNI	Homebuilding
REDE3	REDE3	REDE ENERGIA	Power
RENT3	RENT3	LOCALIZA    	Trucking
RLOG3	RLOG3	COSAN LOG	Transportation (Railroads)
RNEW11	RNEW11	RENOVA      	Utility (General)
RNEW3	RNEW3	RENOVA      	Utility (General)
RNEW4	RNEW4	RENOVA      	Utility (General)
ROMI3	ROMI3	INDS ROMI   	Machinery
RPAD3	RPAD3	ALFA HOLDING	Bank (Money Center)
RPAD5	RPAD5	ALFA HOLDING	Bank (Money Center)
RPAD6	RPAD6	ALFA HOLDING	Bank (Money Center)
RPMG3	RPMG3	PET MANGUINH	Oilfield Svcs/Equip.
RSID3	RSID3	ROSSI RESID 	Homebuilding
RSUL3	RSUL3	RIOSULENSE  	Transportation
RSUL4	RSUL4	RIOSULENSE  	Transportation
SANB11	SANB11	SANTANDER BR	Bank (Money Center)
SANB3	SANB3	SANTANDER BR	Bank (Money Center)
SANB4	SANB4	SANTANDER BR	Bank (Money Center)
SAPR11	SAPR11	SANEPAR     	Utility (Water)
SAPR3	SAPR3	SANEPAR     	Utility (Water)
SAPR4	SAPR4	SANEPAR     	Utility (Water)
SBSP3	SBSP3	SABESP      	Utility (Water)
SCAR3	SCAR3	SAO CARLOS  	Real Estate (Operations & Services)
SEDU3	SEDU3	SOMOS EDUCAÇÃO	Education
SEER3	SEER3	SER EDUCA	Education
SGPS3	SGPS3	SPRINGS     	Furn/Home Furnishings
SHOW3	SHOW3	TIME FOR FUN	Recreation
SHUL3	SHUL3	SCHULZ      	Machinery
SHUL4	SHUL4	SCHULZ      	Machinery
SLCE3	SLCE3	SLC AGRICOLA	Farming/Agriculture
SLED3	SLED3	SARAIVA LIVR	Retail (General)
SLED4	SLED4	SARAIVA LIVR	Retail (General)
SMFT3	SMFT3	SMART FIT	Recreation
SMLS3	SMLS3	SMILES	Advertising
SMTO3	SMTO3	SAO MARTINHO	Food Processing
SNSY3	SNSY3	SANSUY      	Total Market (without financials)
SNSY5	SNSY5	SANSUY      	Total Market (without financials)
SNSY6	SNSY6	SANSUY      	Total Market (without financials)
SOMA3	SOMA3	SOMA	Retail (General)
SOND3	SOND3	SONDOTECNICA	Engineering/Construction
SOND5	SOND5	SONDOTECNICA	Engineering/Construction
SOND6	SOND6	SONDOTECNICA	Engineering/Construction
SPRI3	SPRI3	SPRINGER    	Diversified
SPRI5	SPRI5	SPRINGER    	Diversified
SPRI6	SPRI6	SPRINGER    	Diversified
SPRT3B	SPRT3B	LONGDIS	Diversified
SQIA3	SQIA3	SINQIA	Software (System & Application)
STBP3	STBP3	SANTOS BRP  	Shipbuilding & Marine
STKF3	STKF3	STATKRAFT	Utility (General)
STTR3	STTR3	STARA	Machinery
SULA11	SULA11	SUL AMERICA 	Insurance (General)
SULA3	SULA3	SUL AMERICA 	Insurance (General)
SULA4	SULA4	SUL AMERICA 	Insurance (General)
SUZB3	SUZB3	SUZANO S.A.	Paper/Forest Products
TAEE11	TAEE11	TAESA       	Utility (General)
TAEE3	TAEE3	TAESA       	Utility (General)
TAEE4	TAEE4	TAESA       	Utility (General)
TASA3	TASA3	TAURUS ARMAS	Machinery
TASA4	TASA4	TAURUS ARMAS	Machinery
TCNO3	TCNO3	TECNOSOLO   	Engineering/Construction
TCNO4	TCNO4	TECNOSOLO   	Engineering/Construction
TCSA3	TCSA3	TECNISA     	Homebuilding
TECN3	TECN3	TECHNOS     	Apparel
TEKA3	TEKA3	TEKA        	Furn/Home Furnishings
TEKA4	TEKA4	TEKA        	Furn/Home Furnishings
TELB3	TELB3	TELEBRAS    	Telecom. Services
TELB4	TELB4	TELEBRAS    	Telecom. Services
TEND3	TEND3	TENDA	Homebuilding
TESA3	TESA3	TERRA SANTA	Farming/Agriculture
TGMA3	TGMA3	TEGMA       	Trucking
TIET11	TIET11	AES TIETE E	Utility (General)
TIET3	TIET3	AES TIETE E	Utility (General)
TIET4	TIET4	AES TIETE E	Utility (General)
TIMP3	TIMP3	TIM PART S/A	Telecom (Wireless)
TKNO3	TKNO3	TEKNO       	Steel
TKNO4	TKNO4	TEKNO       	Steel
TOTS3	TOTS3	TOTVS	Information Services
TOYB3	TOYB3	TEC TOY	Entertainment
TOYB4	TOYB4	TEC TOY	Entertainment
TPIS3	TPIS3	TRIUNFO PART	Transportation
TRIS3	TRIS3	TRISUL      	Homebuilding
TRPL3	TRPL3	TRAN PAULIST	Utility (General)
TRPL4	TRPL4	TRAN PAULIST	Utility (General)
TUPY3	TUPY3	TUPY        	Auto Parts
TXRX3	TXRX3	TEX RENAUX  	Furn/Home Furnishings
TXRX4	TXRX4	TEX RENAUX  	Furn/Home Furnishings
UCAS3	UCAS3	UNICASA	Furn/Home Furnishings
UGPA3	UGPA3	ULTRAPAR    	Oil/Gas Distribution
UNIP3	UNIP3	UNIPAR      	Chemical (Basic)
UNIP5	UNIP5	UNIPAR      	Chemical (Basic)
UNIP6	UNIP6	UNIPAR      	Chemical (Basic)
USIM3	USIM3	USIMINAS    	Steel
USIM5	USIM5	USIMINAS    	Steel
USIM6	USIM6	USIMINAS    	Steel
VALE3	VALE3	VALE        	Steel
VIVA3	VIVA3	VIVARA S.A.	Apparel
VIVR3	VIVR3	VIVER       	Homebuilding
VIVT3	VIVT3	TELEF BRASIL	Telecom. Services
VIVT4	VIVT4	TELEF BRASIL	Telecom. Services
VLID3	VLID3	VALID       	Publishing & Newspapers
VSPT3	VSPT3	FERROVIA CENTRO-ATLANTICA	Transportation (Railroads)
VSPT4	VSPT4	FERROVIA CENTRO-ATLANTICA	Transportation (Railroads)
VULC3	VULC3	VULCABRAS   	Shoe
VVAR3	VVAR3	VIAVAREJO	Retail (Building Supply)
WEGE3	WEGE3	WEG         	Electrical Equipment
WHRL3	WHRL3	WHIRLPOOL   	Electrical Equipment
WHRL4	WHRL4	WHIRLPOOL   	Electrical Equipment
WIZS3	WIZS3	WIZ S.A.	Insurance (General)
WLMM3	WLMM3	WLM IND COM 	Retail (Automotive)
WLMM4	WLMM4	WLM IND COM 	Retail (Automotive)
WSON33	WSON33	WILSON SONS 	Shipbuilding & Marine
YDUQ3	YDUQ3	YDUQS PART	Education